<eml:eml xmlns:eml="eml://ecoinformatics.org/eml-2.1.1"
         xmlns:dc="http://purl.org/dc/terms/"
         xmlns:xsi="http://www.w3.org/2001/XMLSchema-instance"
         xsi:schemaLocation="eml://ecoinformatics.org/eml-2.1.1 http://rs.gbif.org/schema/eml-gbif-profile/1.1/eml.xsd"
         packageId="http://localhost:8080/ipt/resource?id=jrs_wetands_data_rwanda_2019/v1.1" system="http://gbif.org" scope="system"
         xml:lang="eng">

<dataset>
  <alternateIdentifier>http://localhost:8080/ipt/resource?r=jrs_wetands_data_rwanda_2019</alternateIdentifier>
  <title xml:lang="eng">JRS Wetands data Rwanda, 2019</title>
      <creator>
    <individualName>
        <givenName>Jean paul</givenName>
      <surName>KUBWIMANA</surName>
    </individualName>
    <organizationName>ARCOS Network</organizationName>
    <positionName>Leader, Landscape Conservation &amp; Community Development</positionName>
    <address>
        <deliveryPoint>KN 14 Avenue No 45 Kimihurura</deliveryPoint>
        <city>Kigali</city>
        <administrativeArea>Kigali City</administrativeArea>
        <postalCode>1735</postalCode>
        <country>RW</country>
    </address>
    <phone>+250788730207</phone>
    <electronicMailAddress>jkubwimana@arcosnetwork.org</electronicMailAddress>
    <onlineUrl>http://arcosnetwork.org</onlineUrl>
      </creator>
      <metadataProvider>
    <individualName>
        <givenName>Gilbert</givenName>
      <surName>MUVUNANKIKO</surName>
    </individualName>
    <organizationName>ARCOS Network</organizationName>
    <positionName>Leader, Communication &amp; Information Systems</positionName>
    <address>
        <deliveryPoint>KN 14 Avenue No 45 Kimihurura</deliveryPoint>
        <city>Kigali</city>
        <administrativeArea>Kigali City</administrativeArea>
        <postalCode>1735</postalCode>
        <country>RW</country>
    </address>
    <phone>+250788563293</phone>
    <electronicMailAddress>gmuvunankiko@arcosnetwork.org</electronicMailAddress>
    <onlineUrl>http://arcosnetwork.org</onlineUrl>
      </metadataProvider>
      <associatedParty>
    <individualName>
        <givenName>Faustin</givenName>
      <surName>Gashakamba</surName>
    </individualName>
    <electronicMailAddress>gashakamba@gmail.com</electronicMailAddress>
    <role>user</role>
      </associatedParty>
  <pubDate>
      2019-12-04
  </pubDate>
  <language>eng</language>
  <abstract>
    <para>This dataset was published by ARCOS Network as part of its project to assess ecological integrity of Rwanda&apos;s wetlands</para>
  </abstract>
      <keywordSet>
            <keyword>Samplingevent</keyword>
        <keywordThesaurus>GBIF Dataset Type Vocabulary: http://rs.gbif.org/vocabulary/gbif/dataset_type.xml</keywordThesaurus>
      </keywordSet>
  <intellectualRights>
    <para>To the extent possible under law, the publisher has waived all rights to these data and has dedicated them to the <ulink url="http://creativecommons.org/publicdomain/zero/1.0/legalcode"><citetitle>Public Domain (CC0 1.0)</citetitle></ulink>. Users may copy, modify, distribute and use the work, including for commercial purposes, without restriction.</para>
  </intellectualRights>
  <maintenance>
    <description>
      <para></para>
    </description>
    <maintenanceUpdateFrequency>asNeeded</maintenanceUpdateFrequency>
  </maintenance>

      <contact>
    <individualName>
        <givenName>Jean paul</givenName>
      <surName>KUBWIMANA</surName>
    </individualName>
    <organizationName>ARCOS Network</organizationName>
    <positionName>Leader, Landscape Conservation &amp; Community Development</positionName>
    <address>
        <deliveryPoint>KN 14 Avenue No 45 Kimihurura</deliveryPoint>
        <city>Kigali</city>
        <administrativeArea>Kigali City</administrativeArea>
        <postalCode>1735</postalCode>
        <country>RW</country>
    </address>
    <phone>+250788730207</phone>
    <electronicMailAddress>jkubwimana@arcosnetwork.org</electronicMailAddress>
    <onlineUrl>http://arcosnetwork.org</onlineUrl>
      </contact>
</dataset>
  <additionalMetadata>
    <metadata>
      <gbif>
          <dateStamp>2019-08-15T02:52:48.181+01:00</dateStamp>
          <hierarchyLevel>dataset</hierarchyLevel>
          <dc:replaces>http://localhost:8080/ipt/resource?id=jrs_wetands_data_rwanda_2019/v1.1.xml</dc:replaces>
      </gbif>
    </metadata>
  </additionalMetadata>
</eml:eml>
