<eml:eml xmlns:eml="eml://ecoinformatics.org/eml-2.1.1"
         xmlns:dc="http://purl.org/dc/terms/"
         xmlns:xsi="http://www.w3.org/2001/XMLSchema-instance"
         xsi:schemaLocation="eml://ecoinformatics.org/eml-2.1.1 http://rs.gbif.org/schema/eml-gbif-profile/1.1/eml.xsd"
         packageId="http://localhost:8080/ipt/resource?id=rugezi_gcc_arcos_2013/v1.2" system="http://gbif.org" scope="system"
         xml:lang="eng">

<dataset>
  <alternateIdentifier>55e3ccc2-3530-4c10-8476-346acac24741</alternateIdentifier>
  <alternateIdentifier>http://localhost:8080/ipt/resource?r=rugezi_gcc_arcos_2013</alternateIdentifier>
  <title xml:lang="eng">Biodiversity survey of Rugezi wetland, Year 2013</title>
      <creator>
    <individualName>
        <givenName>Faustin</givenName>
      <surName>Gashakamba</surName>
    </individualName>
    <organizationName>ARCOS</organizationName>
    <positionName>Regional Information Systems Manager</positionName>
    <address>
        <deliveryPoint>KIG111Ave</deliveryPoint>
        <city>Kigali</city>
        <administrativeArea>Kigali</administrativeArea>
        <postalCode>250</postalCode>
        <country>RW</country>
    </address>
    <phone>250783023303</phone>
    <electronicMailAddress>gashakamba@gmail.com</electronicMailAddress>
    <onlineUrl>http://www.arcosnetwork.org/index.php/en/</onlineUrl>
      </creator>
      <metadataProvider>
    <individualName>
        <givenName>Faustin</givenName>
      <surName>Gashakamba</surName>
    </individualName>
    <address>
        <country>RW</country>
    </address>
    <electronicMailAddress>fgashakamba@arcosnetwork.org</electronicMailAddress>
      </metadataProvider>
      <associatedParty>
    <individualName>
        <givenName>Faustin</givenName>
      <surName>Gashakamba</surName>
    </individualName>
    <address>
        <country>RW</country>
    </address>
    <electronicMailAddress>fgashakamba@arcosnetwork.org</electronicMailAddress>
    <role>user</role>
      </associatedParty>
  <pubDate>
      2019-12-04
  </pubDate>
  <language>eng</language>
  <abstract>
    <para>This data was generated from a project ARCOS in the partnership with the Kitabi College of Conservation and Environment Management (KCCEM), the Endangered Wildlife Trust (EWT) and the International Crane Foundation (ICF) with funding support from the John D. and Catherine T. MacArthur Foundation.
The project aimed at, among others, assessing the status of the Grey Crowned Crane in Rugezi Wetland (a highland wetland in North_Western Rwanda) as well as propose and pilot solutions to address threats affecting this species.</para>
  </abstract>
      <keywordSet>
            <keyword>Occurrence</keyword>
        <keywordThesaurus>GBIF Dataset Type Vocabulary: http://rs.gbif.org/vocabulary/gbif/dataset_type.xml</keywordThesaurus>
      </keywordSet>
  <intellectualRights>
    <para>To the extent possible under law, the publisher has waived all rights to these data and has dedicated them to the <ulink url="http://creativecommons.org/publicdomain/zero/1.0/legalcode"><citetitle>Public Domain (CC0 1.0)</citetitle></ulink>. Users may copy, modify, distribute and use the work, including for commercial purposes, without restriction.</para>
  </intellectualRights>
  <maintenance>
    <description>
      <para></para>
    </description>
    <maintenanceUpdateFrequency>asNeeded</maintenanceUpdateFrequency>
  </maintenance>

      <contact>
    <individualName>
        <givenName>Claudien</givenName>
      <surName>Nsabagasani</surName>
    </individualName>
    <organizationName>ARCOS</organizationName>
    <positionName>Landscape Conservation Programme Manager</positionName>
    <address>
        <deliveryPoint>KIG111Ave</deliveryPoint>
        <city>Kigali</city>
        <administrativeArea>Kigali</administrativeArea>
        <postalCode>250</postalCode>
        <country>RW</country>
    </address>
    <phone>250788754615</phone>
    <electronicMailAddress>gashakamba@gmail.com</electronicMailAddress>
    <onlineUrl>http://www.arcosnetwork.org/index.php/en/</onlineUrl>
      </contact>
  <project id="Grey-Crowned Crane project">
    <title>Building community and national partners’ capacity for sustainable conservation financing at Rugezi Marsh, Rwanda</title>
      <personnel>
        <individualName>
            <givenName>Claudien</givenName>
          <surName>Nsabagasani</surName>
        </individualName>
        <role></role>
      </personnel>
      <abstract>
        <para>This project was implemented by the Global Crane Foundation-Endangered Wildlife Trust (GCF-EWT)Trust jointly with ARCOS and the Kitabi College of Conservationa and Environmental Management (KCCEM).
Its objective was to reduce pressure (encroachment and overharvesting of plants) on the Rugezi Marsh by promoting alternative livelihood options and to assess the status of the Grey Crowned Crane species in the marsh.</para>
      </abstract>
      <funding>
        <para>The project was funded by the John D. and Catherine T. MacArthur Foundation</para>
      </funding>
  </project>
</dataset>
  <additionalMetadata>
    <metadata>
      <gbif>
          <dateStamp>2014-09-10T10:07:18.368+01:00</dateStamp>
          <hierarchyLevel>dataset</hierarchyLevel>
            <citation>Gashakamba F (2014): Biodiversity survey of Rugezi wetland, Year 2013. v1.1. Albertine Rift Conservation Society (ARCOS). Dataset/Occurrence. http://arbmis.arcosnetwork.org/ipt/resource?r=Rugezi_GCC_ARCOS_2013&amp;v=1.1</citation>
          <dc:replaces>http://localhost:8080/ipt/resource?id=rugezi_gcc_arcos_2013/v1.2.xml</dc:replaces>
      </gbif>
    </metadata>
  </additionalMetadata>
</eml:eml>
