<eml:eml xmlns:eml="eml://ecoinformatics.org/eml-2.1.1"
         xmlns:dc="http://purl.org/dc/terms/"
         xmlns:xsi="http://www.w3.org/2001/XMLSchema-instance"
         xsi:schemaLocation="eml://ecoinformatics.org/eml-2.1.1 http://rs.gbif.org/schema/eml-gbif-profile/1.1/eml.xsd"
         packageId="http://localhost:8080/ipt/resource?id=taxonomicbackbone/v1.3" system="http://gbif.org" scope="system"
         xml:lang="eng">

<dataset>
  <alternateIdentifier>http://localhost:8080/ipt/resource?r=taxonomicbackbone</alternateIdentifier>
  <title xml:lang="eng">taxonomicbackbone</title>
      <creator>
    <individualName>
      <surName>Roberts</surName>
    </individualName>
    <organizationName>Private</organizationName>
    <positionName>Consultant</positionName>
    <address>
        <country>RW</country>
    </address>
      </creator>
      <metadataProvider>
    <individualName>
      <surName>Roberts</surName>
    </individualName>
    <organizationName>Private</organizationName>
    <positionName>Consultant</positionName>
    <address>
        <country>RW</country>
    </address>
      </metadataProvider>
      <associatedParty>
    <individualName>
      <surName>Roberts</surName>
    </individualName>
    <organizationName>Private</organizationName>
    <positionName>Consultant</positionName>
    <address>
        <country>RW</country>
    </address>
    <role>user</role>
      </associatedParty>
  <pubDate>
      2019-12-04
  </pubDate>
  <language>eng</language>
  <abstract>
    <para>Taxon backbone from Echuya 2012 occurrence records</para>
  </abstract>
      <keywordSet>
            <keyword>Checklist</keyword>
        <keywordThesaurus>GBIF Dataset Type Vocabulary: http://rs.gbif.org/vocabulary/gbif/dataset_type.xml</keywordThesaurus>
      </keywordSet>
  <intellectualRights>
    <para>To the extent possible under law, the publisher has waived all rights to these data and has dedicated them to the <ulink url="http://creativecommons.org/publicdomain/zero/1.0/legalcode"><citetitle>Public Domain (CC0 1.0)</citetitle></ulink>. Users may copy, modify, distribute and use the work, including for commercial purposes, without restriction.</para>
  </intellectualRights>
  <maintenance>
    <description>
      <para></para>
    </description>
    <maintenanceUpdateFrequency>unkown</maintenanceUpdateFrequency>
  </maintenance>

      <contact>
    <individualName>
      <surName>Roberts</surName>
    </individualName>
    <organizationName>Private</organizationName>
    <positionName>Consultant</positionName>
    <address>
        <country>RW</country>
    </address>
      </contact>
</dataset>
  <additionalMetadata>
    <metadata>
      <gbif>
          <dateStamp>2014-05-07T00:39:31.734+01:00</dateStamp>
          <hierarchyLevel>dataset</hierarchyLevel>
          <dc:replaces>http://localhost:8080/ipt/resource?id=taxonomicbackbone/v1.3.xml</dc:replaces>
      </gbif>
    </metadata>
  </additionalMetadata>
</eml:eml>
