<archive xmlns="http://rs.tdwg.org/dwc/text/" metadata="eml.xml">
  <core encoding="UTF-8" fieldsTerminatedBy="\t" linesTerminatedBy="\n" fieldsEnclosedBy="" ignoreHeaderLines="1" rowType="http://rs.tdwg.org/dwc/terms/Occurrence">
    <files>
      <location>occurrence.txt</location>
    </files>
    <id index="0" />
    <field index="1" term="http://rs.tdwg.org/dwc/terms/basisOfRecord"/>
    <field index="2" term="http://rs.tdwg.org/dwc/terms/occurrenceID"/>
    <field index="3" term="http://rs.tdwg.org/dwc/terms/recordedBy"/>
    <field index="4" term="http://rs.tdwg.org/dwc/terms/year"/>
    <field index="5" term="http://rs.tdwg.org/dwc/terms/month"/>
    <field index="6" term="http://rs.tdwg.org/dwc/terms/day"/>
    <field index="7" term="http://rs.tdwg.org/dwc/terms/verbatimLocality"/>
    <field index="8" term="http://rs.tdwg.org/dwc/terms/decimalLatitude"/>
    <field index="9" term="http://rs.tdwg.org/dwc/terms/decimalLongitude"/>
    <field index="10" term="http://rs.tdwg.org/dwc/terms/geodeticDatum"/>
    <field index="11" term="http://rs.tdwg.org/dwc/terms/scientificName"/>
    <field index="12" term="http://rs.tdwg.org/dwc/terms/kingdom"/>
    <field index="13" term="http://rs.tdwg.org/dwc/terms/family"/>
    <field index="14" term="http://rs.tdwg.org/dwc/terms/genus"/>
    <field index="15" term="http://rs.tdwg.org/dwc/terms/specificEpithet"/>
    <field index="16" term="http://rs.tdwg.org/dwc/terms/vernacularName"/>
  </core>
</archive>
